customer_id,email,country,signup_date
1,user1@example.com,DE,2025-03-15
2,user2@example.com,GB,2025-01-11
3,user3@example.com,US,2025-02-22
4,user4@example.com,GB,2025-03-16
5,user5@example.com,US,2025-02-18
6,user6@example.com,US,2025-10-18
7,user7@example.com,KR,2025-05-04
8,user8@example.com,US,2025-01-18
9,user9@example.com,US,2025-07-23
10,user10@example.com,KR,2025-01-04
11,user11@example.com,KR,2026-02-08
12,user12@example.com,US,2025-09-02
13,user13@example.com,KR,2025-03-31
14,user14@example.com,DE,2026-05-15
15,user15@example.com,GB,2025-08-23
16,user16@example.com,GB,2026-04-04
17,user17@example.com,DE,2025-06-09
18,user18@example.com,DE,2025-01-06
19,user19@example.com,DE,2026-03-26
20,user20@example.com,US,2026-01-22
21,user21@example.com,DE,2025-01-31
22,user22@example.com,US,2026-03-26
23,user23@example.com,KR,2025-03-01
24,user24@example.com,GB,2025-09-11
25,user25@example.com,DE,2025-03-03
26,user26@example.com,US,2025-12-23
27,user27@example.com,GB,2026-01-05
28,user28@example.com,US,2025-07-07
29,user29@example.com,KR,2025-07-01
30,user30@example.com,DE,2025-02-18
31,user31@example.com,DE,2026-01-02
32,user32@example.com,US,2025-09-17
33,user33@example.com,GB,2026-04-25
34,user34@example.com,US,2025-03-14
35,user35@example.com,DE,2025-06-12
36,user36@example.com,DE,2025-05-21
37,user37@example.com,KR,2026-03-08
38,user38@example.com,GB,2025-06-17
39,user39@example.com,KR,2025-09-16
40,user40@example.com,US,2025-07-15
41,user41@example.com,DE,2026-04-18
42,user42@example.com,DE,2025-09-08
43,user43@example.com,KR,2026-05-10
44,user44@example.com,US,2025-10-29
45,user45@example.com,KR,2025-07-03
46,user46@example.com,DE,2025-11-10
47,user47@example.com,GB,2025-08-23
48,user48@example.com,GB,2025-08-25
49,user49@example.com,KR,2025-09-07
50,user50@example.com,DE,2025-05-01
51,user51@example.com,DE,2026-03-03
52,user52@example.com,GB,2025-12-25
53,user53@example.com,GB,2025-04-14
54,user54@example.com,GB,2025-01-01
55,user55@example.com,DE,2025-12-07
56,user56@example.com,DE,2026-02-22
57,user57@example.com,KR,2025-04-10
58,user58@example.com,GB,2025-03-05
59,user59@example.com,GB,2025-02-15
60,user60@example.com,GB,2025-02-05
61,user61@example.com,GB,2025-03-08
62,user62@example.com,GB,2026-01-12
63,user63@example.com,US,2025-09-22
64,user64@example.com,US,2026-02-24
65,user65@example.com,GB,2025-01-05
66,user66@example.com,GB,2025-02-13
67,user67@example.com,DE,2026-04-12
68,user68@example.com,KR,2025-02-05
69,user69@example.com,GB,2025-06-01
70,user70@example.com,GB,2025-11-10
71,user71@example.com,KR,2025-09-01
72,user72@example.com,KR,2025-11-19
73,user73@example.com,DE,2025-03-12
74,user74@example.com,GB,2025-10-16
75,user75@example.com,DE,2025-11-08
76,user76@example.com,GB,2025-07-21
77,user77@example.com,KR,2025-05-07
78,user78@example.com,GB,2026-01-06
79,user79@example.com,GB,2025-02-09
80,user80@example.com,KR,2026-03-08
81,user81@example.com,DE,2026-03-07
82,user82@example.com,GB,2026-04-27
83,user83@example.com,KR,2025-08-20
84,user84@example.com,GB,2025-08-21
85,user85@example.com,DE,2025-05-08
86,user86@example.com,DE,2025-03-19
87,user87@example.com,KR,2025-12-15
88,user88@example.com,US,2025-03-22
89,user89@example.com,DE,2025-07-15
90,user90@example.com,US,2025-02-25
91,user91@example.com,KR,2025-03-07
92,user92@example.com,US,2026-04-12
93,user93@example.com,GB,2025-11-18
94,user94@example.com,DE,2025-05-10
95,user95@example.com,DE,2026-01-16
96,user96@example.com,US,2026-03-31
97,user97@example.com,GB,2025-02-18
98,user98@example.com,KR,2026-01-31
99,user99@example.com,DE,2025-11-04
100,user100@example.com,KR,2025-06-16
101,user101@example.com,DE,2026-01-11
102,user102@example.com,GB,2025-10-21
103,user103@example.com,GB,2025-02-08
104,user104@example.com,DE,2025-09-03
105,user105@example.com,GB,2025-11-23
106,user106@example.com,KR,2026-04-24
107,user107@example.com,GB,2025-09-25
108,user108@example.com,DE,2025-12-16
109,user109@example.com,KR,2025-09-20
110,user110@example.com,KR,2025-12-02
111,user111@example.com,US,2025-07-06
112,user112@example.com,US,2026-04-15
113,user113@example.com,DE,2026-04-28
114,user114@example.com,DE,2025-03-19
115,user115@example.com,US,2025-03-15
116,user116@example.com,GB,2025-03-12
117,user117@example.com,KR,2025-11-15
118,user118@example.com,US,2025-09-30
119,user119@example.com,KR,2025-10-21
120,user120@example.com,GB,2025-11-25
