order_id,customer_id,order_date,status,currency,amount
1,61,2025-08-23,placed,USD,661.81
2,73,2025-07-26,placed,USD,711.86
3,102,2025-10-01,shipped,USD,625.88
4,11,2026-01-20,returned,USD,885.38
5,109,2026-01-11,delivered,USD,27.2
6,38,2026-05-01,shipped,USD,439.16
7,68,2025-07-18,shipped,USD,216.48
8,106,2026-05-08,shipped,USD,221.86
9,21,2025-10-27,placed,USD,255.07
10,44,2025-06-18,placed,USD,27.59
11,54,2025-12-10,returned,USD,77.73
12,58,2025-08-26,delivered,USD,617.48
13,22,2026-03-14,placed,USD,875.54
14,75,2025-08-15,placed,USD,710.83
15,46,2025-06-03,returned,USD,151.92
16,119,2025-12-02,returned,USD,143.84
17,75,2026-06-05,placed,USD,385.49
18,1,2026-03-18,placed,USD,308.64
19,71,2026-06-14,returned,USD,191.44
20,96,2026-05-25,delivered,USD,199.17
21,1,2026-06-18,returned,USD,469.3
22,79,2025-07-09,returned,USD,402.86
23,54,2025-06-02,returned,USD,676.29
24,89,2025-06-27,shipped,USD,849.4
25,83,2026-04-03,returned,USD,222.34
26,87,2026-07-06,delivered,USD,480.52
27,1,2025-09-15,delivered,USD,715.94
28,47,2026-01-11,delivered,USD,831.69
29,87,2026-03-03,shipped,USD,343.61
30,14,2026-06-10,shipped,USD,815.8
31,18,2025-11-24,shipped,USD,604.53
32,116,2025-07-24,delivered,USD,613.21
33,9,2026-02-07,placed,USD,250.14
34,85,2025-12-20,delivered,USD,526.65
35,35,2026-03-19,returned,USD,128.73
36,47,2025-06-27,shipped,USD,871.5
37,87,2026-02-27,shipped,USD,748.35
38,49,2026-01-06,delivered,USD,51.56
39,36,2025-09-17,placed,USD,22.24
40,88,2026-05-17,shipped,USD,602.01
41,5,2026-07-03,placed,USD,161.99
42,99,2026-01-05,shipped,USD,216.53
43,78,2025-07-26,returned,USD,843.78
44,84,2025-09-22,delivered,USD,327.47
45,102,2026-02-03,delivered,USD,775.49
46,106,2025-06-29,placed,USD,142.03
47,38,2025-10-27,delivered,USD,84.37
48,98,2025-11-29,placed,USD,466.74
49,53,2025-12-30,delivered,USD,886.31
50,58,2026-05-17,placed,USD,272.17
51,3,2025-06-26,delivered,USD,380.17
52,10,2026-03-22,shipped,USD,885.83
53,107,2025-10-26,returned,USD,652.55
54,57,2025-07-15,shipped,USD,337.08
55,42,2025-08-13,shipped,USD,34.05
56,107,2025-08-31,shipped,USD,596.07
57,56,2025-09-14,placed,USD,449.7
58,97,2026-04-19,returned,USD,707.92
59,63,2025-07-23,returned,USD,809.1
60,26,2026-05-07,delivered,USD,543.95
61,101,2026-04-26,delivered,USD,424.68
62,79,2025-10-05,placed,USD,873.0
63,19,2026-06-24,returned,USD,355.77
64,120,2026-04-26,shipped,USD,208.23
65,10,2026-02-27,placed,USD,128.11
66,19,2026-03-01,shipped,USD,621.69
67,105,2026-01-03,returned,USD,882.08
68,60,2026-04-04,placed,USD,319.19
69,47,2026-01-23,returned,USD,120.3
70,27,2026-01-05,placed,USD,757.63
71,28,2025-06-05,placed,USD,296.45
72,62,2025-07-22,placed,USD,773.48
73,6,2026-04-05,shipped,USD,30.36
74,69,2025-10-11,shipped,USD,79.15
75,74,2025-07-31,returned,USD,750.72
76,45,2026-03-09,returned,USD,662.79
77,97,2025-07-13,delivered,USD,124.53
78,40,2025-10-08,delivered,USD,554.85
79,101,2025-06-15,placed,USD,161.83
80,9,2026-04-01,placed,USD,86.68
81,51,2026-03-26,returned,USD,433.38
82,37,2026-01-21,delivered,USD,785.89
83,31,2026-05-12,delivered,USD,274.08
84,47,2026-05-15,returned,USD,489.28
85,48,2026-03-28,shipped,USD,721.56
86,84,2025-11-17,placed,USD,195.19
87,57,2026-01-16,delivered,USD,641.59
88,26,2025-12-07,placed,USD,247.65
89,42,2026-03-13,placed,USD,815.37
90,11,2026-06-13,delivered,USD,413.98
91,18,2026-05-15,placed,USD,419.42
92,11,2026-06-05,returned,USD,342.58
93,86,2026-06-30,placed,USD,282.41
94,107,2026-06-15,shipped,USD,809.77
95,7,2026-01-04,shipped,USD,499.28
96,90,2026-05-09,returned,USD,576.99
97,24,2026-06-02,delivered,USD,589.69
98,112,2025-10-11,returned,USD,220.65
99,80,2025-10-07,returned,USD,882.52
100,3,2025-12-02,returned,USD,410.07
101,89,2025-09-20,returned,USD,247.06
102,27,2025-07-08,shipped,USD,341.29
103,30,2025-08-09,shipped,USD,37.24
104,70,2025-12-01,delivered,USD,317.15
105,56,2026-07-05,placed,USD,167.5
106,105,2025-12-26,returned,USD,135.93
107,18,2025-10-05,delivered,USD,153.87
108,43,2026-06-24,delivered,USD,288.65
109,16,2026-02-09,delivered,USD,412.08
110,40,2025-07-19,returned,USD,837.27
111,38,2026-04-23,delivered,USD,618.38
112,34,2025-12-03,shipped,USD,493.79
113,21,2025-09-28,placed,USD,853.28
114,18,2025-09-09,delivered,USD,881.24
115,42,2025-07-27,returned,USD,80.01
116,87,2026-02-08,returned,USD,433.05
117,6,2025-08-22,returned,USD,573.8
118,22,2026-02-19,placed,USD,775.26
119,59,2025-09-28,returned,USD,323.26
120,26,2025-07-27,returned,USD,793.6
121,67,2026-03-20,returned,USD,164.34
122,22,2025-08-06,delivered,USD,548.1
123,97,2025-09-25,delivered,USD,493.98
124,50,2025-07-13,returned,USD,892.09
125,119,2025-09-30,delivered,USD,659.23
126,104,2026-06-11,delivered,USD,587.81
127,94,2025-07-06,shipped,USD,451.34
128,87,2026-02-17,shipped,USD,22.86
129,58,2026-03-03,shipped,USD,642.61
130,34,2025-06-03,delivered,USD,793.17
131,87,2026-02-01,returned,USD,125.43
132,32,2026-04-12,placed,USD,865.05
133,11,2025-06-06,placed,USD,694.8
134,6,2026-06-29,returned,USD,569.05
135,112,2026-04-16,delivered,USD,192.81
136,35,2025-06-27,shipped,USD,559.62
137,19,2026-05-13,returned,USD,804.57
138,52,2025-07-03,shipped,USD,213.88
139,88,2025-08-13,placed,USD,729.73
140,18,2025-08-26,placed,USD,233.03
141,81,2025-07-29,delivered,USD,300.15
142,79,2026-06-29,placed,USD,810.82
143,33,2025-08-22,shipped,USD,369.52
144,60,2026-06-25,shipped,USD,728.62
145,112,2026-06-22,placed,USD,504.3
146,109,2025-06-13,delivered,USD,543.18
147,31,2025-09-03,shipped,USD,335.34
148,106,2025-11-11,shipped,USD,750.36
149,76,2026-02-15,shipped,USD,199.37
150,10,2026-03-07,shipped,USD,579.13
151,17,2025-07-21,returned,USD,143.46
152,73,2026-06-26,delivered,USD,215.82
153,60,2026-06-07,placed,USD,250.33
154,49,2026-06-29,delivered,USD,237.06
155,43,2025-11-05,shipped,USD,12.6
156,26,2026-03-05,delivered,USD,253.1
157,94,2025-07-10,delivered,USD,814.04
158,23,2025-07-19,placed,USD,453.76
159,91,2025-10-04,placed,USD,274.52
160,27,2025-07-07,shipped,USD,56.82
161,14,2025-07-15,placed,USD,91.82
162,21,2026-05-11,delivered,USD,867.26
163,5,2025-06-05,delivered,USD,674.2
164,102,2025-06-20,returned,USD,543.85
165,54,2025-08-15,returned,USD,441.05
166,98,2026-04-13,delivered,USD,159.97
167,5,2026-06-25,returned,USD,803.21
168,118,2025-11-29,delivered,USD,130.25
169,100,2025-07-22,placed,USD,66.0
170,59,2026-03-23,delivered,USD,526.71
171,69,2025-11-09,placed,USD,602.56
172,16,2026-01-13,delivered,USD,248.05
173,32,2026-02-22,placed,USD,72.03
174,77,2025-10-15,shipped,USD,384.69
175,20,2025-08-20,shipped,USD,675.54
176,118,2025-12-16,shipped,USD,184.09
177,18,2026-01-15,delivered,USD,717.9
178,97,2025-11-21,returned,USD,555.03
179,57,2025-12-31,placed,USD,360.6
180,87,2026-07-03,returned,USD,153.67
181,99,2025-08-18,placed,USD,612.97
182,110,2025-08-01,returned,USD,408.31
183,93,2026-05-27,delivered,USD,731.09
184,97,2026-04-08,returned,USD,300.83
185,76,2026-06-24,placed,USD,382.84
186,29,2025-11-26,delivered,USD,313.24
187,100,2025-09-20,delivered,USD,161.15
188,43,2025-08-07,shipped,USD,525.66
189,2,2025-12-29,delivered,USD,307.78
190,14,2025-10-02,delivered,USD,386.83
191,89,2026-05-14,placed,USD,759.13
192,42,2026-06-12,returned,USD,472.08
193,89,2025-12-11,returned,USD,98.2
194,96,2025-08-20,returned,USD,836.59
195,57,2026-05-03,delivered,USD,719.49
196,69,2025-07-02,delivered,USD,699.02
197,100,2026-05-31,shipped,USD,747.52
198,67,2026-05-05,returned,USD,242.55
199,106,2025-07-01,shipped,USD,323.95
200,85,2026-03-14,shipped,USD,430.22
201,102,2025-08-28,placed,USD,377.58
202,93,2025-08-11,returned,USD,768.17
203,20,2026-05-13,placed,USD,507.77
204,111,2025-08-23,delivered,USD,621.14
205,25,2026-04-25,shipped,USD,279.72
206,22,2026-01-10,returned,USD,636.19
207,61,2026-01-24,delivered,USD,276.63
208,22,2026-05-29,shipped,USD,346.65
209,86,2026-04-19,returned,USD,421.71
210,34,2026-05-26,delivered,USD,342.29
211,7,2026-06-04,shipped,USD,848.65
212,105,2026-05-27,returned,USD,708.41
213,9,2026-05-01,delivered,USD,642.88
214,51,2026-02-04,returned,USD,251.35
215,9,2026-01-29,returned,USD,44.2
216,60,2025-11-08,placed,USD,332.05
217,112,2025-10-03,placed,USD,104.49
218,57,2025-06-12,shipped,USD,91.75
219,105,2025-12-03,shipped,USD,236.5
220,22,2026-03-15,returned,USD,348.34
221,24,2025-06-28,shipped,USD,756.14
222,51,2025-06-21,placed,USD,259.99
223,40,2026-01-26,delivered,USD,162.19
224,88,2025-07-19,delivered,USD,864.87
225,91,2026-06-18,shipped,USD,107.31
226,56,2025-11-02,returned,USD,26.02
227,7,2026-03-21,shipped,USD,239.25
228,67,2026-06-04,placed,USD,342.0
229,104,2026-02-11,placed,USD,551.39
230,57,2026-03-31,delivered,USD,264.42
231,21,2026-05-28,returned,USD,105.28
232,81,2025-06-19,placed,USD,521.25
233,91,2025-12-15,delivered,USD,890.64
234,6,2026-06-10,placed,USD,852.44
235,106,2025-09-30,shipped,USD,140.28
236,48,2026-06-08,shipped,USD,130.4
237,22,2025-06-12,delivered,USD,472.76
238,105,2025-11-27,shipped,USD,18.18
239,92,2025-10-30,delivered,USD,799.57
240,82,2025-12-19,returned,USD,883.47
241,5,2025-07-18,returned,USD,555.93
242,45,2025-11-30,delivered,USD,491.52
243,110,2026-03-22,placed,USD,72.95
244,24,2025-07-06,shipped,USD,32.01
245,36,2025-07-13,shipped,USD,815.23
246,99,2025-09-28,placed,USD,252.52
247,93,2026-04-09,placed,USD,442.74
248,69,2026-06-19,delivered,USD,261.31
249,87,2025-06-27,delivered,USD,119.6
250,19,2026-03-17,delivered,USD,835.58
251,82,2026-01-23,placed,USD,499.41
252,32,2026-04-19,returned,USD,767.34
253,85,2025-09-03,returned,USD,476.23
254,119,2025-10-02,placed,USD,542.95
255,86,2025-07-28,returned,USD,126.54
256,1,2026-05-11,placed,USD,794.15
257,118,2025-08-11,shipped,USD,462.86
258,24,2026-03-12,delivered,USD,226.43
259,75,2026-01-18,returned,USD,56.18
260,76,2025-12-31,shipped,USD,199.64
261,55,2025-09-04,returned,USD,807.1
262,66,2026-03-13,returned,USD,393.49
263,111,2025-06-08,returned,USD,868.55
264,47,2025-07-09,placed,USD,794.53
265,63,2025-07-04,delivered,USD,71.15
266,20,2025-12-13,placed,USD,643.78
267,99,2026-01-11,returned,USD,47.17
268,95,2026-05-27,returned,USD,580.07
269,90,2026-05-01,returned,USD,596.31
270,50,2026-01-22,placed,USD,126.38
271,74,2026-05-02,shipped,USD,562.97
272,84,2025-09-11,shipped,USD,469.7
273,83,2025-09-07,shipped,USD,792.81
274,32,2025-08-24,shipped,USD,891.44
275,102,2025-09-04,delivered,USD,809.51
276,47,2025-11-19,returned,USD,788.39
277,102,2026-04-16,shipped,USD,346.7
278,41,2026-04-28,shipped,USD,164.35
279,25,2026-02-27,shipped,USD,861.41
280,101,2025-07-20,returned,USD,474.42
281,102,2025-12-14,shipped,USD,131.49
282,96,2025-07-31,delivered,USD,742.86
283,80,2025-08-06,shipped,USD,856.63
284,86,2026-02-06,returned,USD,35.58
285,112,2025-08-28,placed,USD,585.33
286,103,2025-08-22,returned,USD,784.67
287,24,2026-04-20,shipped,USD,899.19
288,103,2025-09-20,shipped,USD,380.07
289,75,2025-08-09,delivered,USD,91.96
290,98,2025-09-11,delivered,USD,628.21
291,117,2025-08-05,shipped,USD,392.76
292,101,2026-03-17,delivered,USD,869.41
293,37,2025-06-14,shipped,USD,335.24
294,53,2026-05-19,delivered,USD,450.91
295,88,2025-12-30,returned,USD,85.29
296,7,2025-12-15,placed,USD,464.42
297,4,2025-08-13,returned,USD,845.85
298,75,2026-05-06,returned,USD,652.2
299,76,2025-06-23,delivered,USD,820.87
300,75,2026-05-22,shipped,USD,103.82
301,89,2026-04-21,shipped,USD,18.14
302,63,2025-10-03,shipped,USD,702.89
303,73,2025-09-23,shipped,USD,694.79
304,108,2026-04-02,shipped,USD,420.3
305,17,2026-03-06,shipped,USD,820.19
306,20,2025-10-13,returned,USD,687.13
307,98,2026-05-23,delivered,USD,600.95
308,79,2026-03-01,delivered,USD,432.98
309,65,2026-06-29,shipped,USD,237.67
310,99,2026-05-07,placed,USD,214.95
311,47,2026-03-07,shipped,USD,721.82
312,88,2025-11-01,placed,USD,200.05
313,51,2025-06-23,returned,USD,21.13
314,26,2026-01-03,delivered,USD,47.51
315,28,2026-05-04,returned,USD,572.05
316,48,2025-08-13,delivered,USD,351.01
317,81,2025-12-15,shipped,USD,809.17
318,86,2026-04-16,delivered,USD,784.3
319,2,2025-06-09,delivered,USD,828.51
320,39,2026-06-10,placed,USD,366.29
321,40,2025-11-17,placed,USD,655.01
322,91,2026-01-27,delivered,USD,858.97
323,67,2026-01-06,returned,USD,560.26
324,50,2026-03-03,placed,USD,42.51
325,75,2026-01-01,placed,USD,159.69
326,4,2026-05-19,returned,USD,238.92
327,107,2025-08-25,returned,USD,797.62
328,13,2026-03-07,shipped,USD,21.91
329,81,2026-01-04,shipped,USD,164.75
330,19,2026-03-28,shipped,USD,509.11
331,36,2025-09-03,returned,USD,282.59
332,2,2025-07-26,placed,USD,325.64
333,53,2025-07-20,returned,USD,225.45
334,101,2025-08-04,returned,USD,277.4
335,27,2025-10-11,delivered,USD,467.58
336,106,2025-08-14,returned,USD,560.04
337,108,2025-12-25,returned,USD,759.57
338,23,2025-09-20,delivered,USD,571.76
339,34,2026-06-07,returned,USD,749.28
340,60,2025-09-27,shipped,USD,21.79
341,27,2026-03-10,returned,USD,771.27
342,73,2025-08-20,returned,USD,387.33
343,37,2025-07-01,placed,USD,62.21
344,50,2025-12-03,returned,USD,732.58
345,80,2026-01-21,placed,USD,436.95
346,15,2025-06-28,returned,USD,384.9
347,81,2025-11-07,delivered,USD,546.21
348,89,2026-04-05,delivered,USD,216.73
349,98,2026-05-12,returned,USD,47.54
350,10,2025-07-21,placed,USD,638.68
351,34,2026-01-28,returned,USD,419.18
352,6,2025-12-28,delivered,USD,311.22
353,13,2025-10-25,placed,USD,524.54
354,56,2025-12-13,placed,USD,500.98
355,104,2026-05-25,returned,USD,59.36
356,4,2025-10-11,placed,USD,599.09
357,83,2026-04-13,delivered,USD,443.96
358,112,2026-04-11,shipped,USD,152.14
359,93,2026-01-14,shipped,USD,391.67
360,12,2026-02-28,delivered,USD,82.57
361,104,2025-11-21,shipped,USD,164.29
362,100,2026-06-03,shipped,USD,189.84
363,92,2025-09-05,delivered,USD,276.81
364,53,2025-06-18,shipped,USD,62.13
365,43,2026-01-22,delivered,USD,26.57
366,6,2026-02-06,delivered,USD,558.02
367,96,2026-02-11,placed,USD,566.02
368,54,2026-03-17,placed,USD,803.29
369,109,2026-06-18,returned,USD,356.55
370,87,2025-06-13,delivered,USD,634.18
371,29,2025-12-05,returned,USD,830.93
372,64,2026-02-14,placed,USD,690.62
373,60,2025-10-13,placed,USD,810.21
374,94,2026-04-09,delivered,USD,852.29
375,70,2025-12-27,returned,USD,617.42
376,90,2025-06-04,placed,USD,77.14
377,98,2026-04-23,returned,USD,214.09
378,23,2025-09-26,shipped,USD,774.06
379,115,2025-12-05,returned,USD,124.31
380,116,2025-10-29,delivered,USD,177.89
381,68,2025-09-29,placed,USD,63.86
382,42,2025-06-30,placed,USD,91.52
383,112,2025-06-06,returned,USD,806.32
384,100,2025-11-27,returned,USD,736.97
385,11,2026-01-18,returned,USD,487.66
386,13,2026-02-10,placed,USD,481.03
387,59,2025-08-04,returned,USD,775.19
388,60,2025-06-02,shipped,USD,652.49
389,75,2026-01-21,placed,USD,785.99
390,71,2025-06-11,shipped,USD,57.37
391,71,2025-07-04,placed,USD,129.16
392,7,2025-09-22,shipped,USD,311.59
393,112,2026-04-14,delivered,USD,286.18
394,56,2025-10-24,shipped,USD,294.25
395,2,2026-01-22,delivered,USD,188.03
396,61,2026-04-13,returned,USD,829.9
397,42,2026-03-27,delivered,USD,262.73
398,30,2025-06-27,delivered,USD,667.28
399,93,2025-09-18,shipped,USD,55.55
400,96,2025-12-30,shipped,USD,109.43
401,1,2025-09-09,placed,USD,151.75
402,37,2026-01-24,placed,USD,404.32
403,55,2025-12-11,placed,USD,791.5
404,37,2025-08-26,placed,USD,709.53
405,108,2025-12-28,returned,USD,18.92
406,8,2025-08-21,placed,USD,67.86
407,57,2026-05-10,shipped,USD,360.04
408,8,2026-06-09,placed,USD,66.71
409,99,2026-05-03,delivered,USD,650.67
410,17,2025-12-03,returned,USD,193.4
411,111,2025-12-09,placed,USD,809.39
412,55,2025-12-02,shipped,USD,511.5
413,65,2026-02-24,placed,USD,720.64
414,106,2026-01-06,returned,USD,891.78
415,109,2026-02-12,placed,USD,382.22
416,16,2025-08-10,placed,USD,274.95
417,47,2025-10-27,returned,USD,16.82
418,35,2026-04-11,shipped,USD,221.34
419,10,2026-05-13,placed,USD,38.61
420,1,2025-08-14,returned,USD,891.56
421,117,2026-01-27,delivered,USD,573.33
422,93,2026-05-08,placed,USD,623.99
423,90,2025-06-05,returned,USD,387.21
424,20,2025-06-17,placed,USD,269.11
425,67,2026-05-15,delivered,USD,368.85
426,78,2026-06-14,returned,USD,736.66
427,95,2025-11-14,shipped,USD,626.02
428,118,2025-08-03,shipped,USD,69.89
429,36,2026-02-15,returned,USD,687.12
430,77,2026-02-22,returned,USD,111.52
431,61,2025-08-09,placed,USD,53.98
432,43,2025-08-10,placed,USD,835.1
433,110,2026-05-21,shipped,USD,573.34
434,35,2025-12-16,placed,USD,460.8
435,102,2025-09-25,delivered,USD,310.77
436,75,2026-06-02,placed,USD,815.36
437,69,2026-02-04,returned,USD,196.37
438,103,2025-09-21,shipped,USD,820.85
439,15,2025-06-22,returned,USD,151.23
440,100,2026-02-22,returned,USD,38.24
441,51,2026-04-25,delivered,USD,427.44
442,22,2025-10-06,delivered,USD,336.91
443,98,2025-08-22,returned,USD,722.41
444,106,2025-08-30,placed,USD,263.76
445,3,2025-10-31,placed,USD,480.15
446,54,2025-07-28,delivered,USD,302.65
447,75,2025-08-15,placed,USD,46.49
448,109,2025-06-07,returned,USD,152.89
449,64,2026-03-30,shipped,USD,135.15
450,82,2025-07-11,placed,USD,585.16
451,111,2025-06-07,placed,USD,773.71
452,76,2025-11-02,delivered,USD,678.27
453,50,2025-07-08,shipped,USD,32.63
454,104,2025-10-28,placed,USD,19.81
455,100,2025-06-25,shipped,USD,190.74
456,17,2025-08-02,placed,USD,795.4
457,87,2025-08-19,placed,USD,704.44
458,92,2025-11-17,placed,USD,808.63
459,108,2025-08-11,delivered,USD,587.01
460,90,2026-01-25,returned,USD,17.35
461,92,2025-08-27,shipped,USD,470.01
462,95,2026-03-27,delivered,USD,43.27
463,15,2025-12-27,returned,USD,490.09
464,42,2025-10-19,delivered,USD,201.14
465,10,2025-07-13,returned,USD,661.85
466,62,2025-09-21,delivered,USD,400.82
467,53,2025-09-12,shipped,USD,547.81
468,76,2025-10-09,shipped,USD,320.04
469,77,2025-07-14,delivered,USD,811.46
470,114,2026-05-10,delivered,USD,164.11
471,27,2025-08-17,shipped,USD,555.82
472,101,2026-02-11,shipped,USD,742.43
473,16,2025-12-07,placed,USD,44.25
474,110,2025-12-27,returned,USD,439.37
475,75,2025-10-01,returned,USD,271.71
476,101,2026-01-29,delivered,USD,846.48
477,34,2025-10-22,delivered,USD,664.96
478,55,2026-03-02,returned,USD,851.53
479,109,2026-03-28,returned,USD,530.64
480,80,2026-02-22,returned,USD,717.13
481,103,2026-06-10,returned,USD,268.94
482,22,2025-07-07,returned,USD,409.02
483,63,2026-07-03,shipped,USD,147.69
484,38,2026-02-28,returned,USD,25.69
485,37,2025-12-15,delivered,USD,214.59
486,69,2025-12-25,delivered,USD,473.87
487,90,2026-01-15,returned,USD,91.99
488,118,2025-10-18,placed,USD,850.73
489,102,2025-06-25,placed,USD,512.89
490,13,2025-07-18,returned,USD,490.04
491,41,2026-05-08,returned,USD,551.61
492,111,2025-08-23,shipped,USD,24.17
493,75,2025-07-01,returned,USD,791.38
494,83,2025-11-01,shipped,USD,844.62
495,12,2025-09-25,shipped,USD,832.66
496,97,2026-02-04,returned,USD,28.88
497,105,2025-09-29,returned,USD,579.82
498,98,2025-09-29,delivered,USD,706.88
499,39,2026-04-06,returned,USD,711.57
500,74,2025-12-08,shipped,USD,580.05
501,107,2026-06-01,returned,USD,182.97
502,69,2025-09-18,placed,USD,851.25
503,7,2026-06-18,shipped,USD,400.32
504,43,2026-02-26,delivered,USD,570.9
505,114,2025-08-07,placed,USD,58.37
506,41,2026-01-19,returned,USD,389.07
507,97,2025-09-11,delivered,USD,87.65
508,69,2026-05-11,shipped,USD,799.74
509,31,2026-05-25,shipped,USD,303.7
510,108,2026-06-04,shipped,USD,441.63
511,107,2025-06-27,placed,USD,714.07
512,40,2025-10-17,delivered,USD,381.12
513,89,2026-01-08,delivered,USD,32.09
514,18,2026-04-17,shipped,USD,492.56
515,47,2025-09-29,shipped,USD,185.74
516,47,2025-07-22,shipped,USD,219.0
517,28,2026-05-01,delivered,USD,314.64
518,90,2026-03-30,returned,USD,163.66
519,40,2026-04-18,placed,USD,440.07
520,2,2025-11-27,delivered,USD,135.02
521,10,2026-03-25,returned,USD,329.81
522,42,2026-04-25,shipped,USD,432.73
523,33,2025-08-30,returned,USD,572.16
524,94,2025-12-07,delivered,USD,480.08
525,113,2025-08-11,delivered,USD,117.26
526,11,2025-11-15,placed,USD,641.08
527,14,2025-09-27,shipped,USD,799.52
528,107,2025-06-16,returned,USD,549.21
529,36,2025-06-14,delivered,USD,857.97
530,105,2026-03-21,returned,USD,196.55
531,69,2025-07-12,shipped,USD,407.46
532,30,2026-04-09,delivered,USD,399.81
533,92,2026-07-06,placed,USD,443.85
534,27,2026-03-08,shipped,USD,814.21
535,51,2025-09-11,placed,USD,882.91
536,49,2025-09-18,placed,USD,332.12
537,33,2025-09-21,delivered,USD,718.24
538,93,2026-03-21,delivered,USD,748.23
539,57,2025-07-16,delivered,USD,76.13
540,26,2026-03-15,shipped,USD,42.06
541,63,2026-01-04,delivered,USD,124.8
542,93,2026-04-26,returned,USD,359.22
543,49,2026-02-11,placed,USD,878.26
544,94,2025-06-08,placed,USD,861.52
545,55,2025-12-14,returned,USD,395.94
546,48,2026-06-04,returned,USD,174.18
547,77,2025-12-06,returned,USD,345.75
548,20,2025-08-17,returned,USD,286.99
549,38,2025-08-08,placed,USD,484.55
550,52,2026-03-12,delivered,USD,599.32
551,118,2026-06-03,returned,USD,172.63
552,69,2025-07-20,shipped,USD,575.12
553,2,2025-08-06,shipped,USD,808.84
554,117,2026-04-02,shipped,USD,838.4
555,77,2025-09-02,returned,USD,44.03
556,4,2025-08-26,delivered,USD,84.61
557,2,2025-08-15,placed,USD,198.73
558,21,2025-09-24,delivered,USD,138.61
559,100,2026-07-02,shipped,USD,564.9
560,72,2025-06-11,returned,USD,326.22
561,11,2025-10-27,delivered,USD,284.9
562,33,2025-07-02,shipped,USD,523.55
563,78,2025-06-04,delivered,USD,22.17
564,57,2026-06-27,delivered,USD,140.81
565,54,2025-07-07,shipped,USD,376.69
566,46,2026-01-15,delivered,USD,845.07
567,90,2025-09-13,shipped,USD,260.48
568,77,2026-02-23,delivered,USD,685.12
569,87,2026-05-13,placed,USD,301.61
570,110,2025-11-06,returned,USD,271.82
571,72,2025-11-22,placed,USD,680.25
572,74,2026-01-08,delivered,USD,236.65
573,43,2026-07-03,delivered,USD,756.6
574,81,2025-10-23,shipped,USD,815.12
575,100,2026-05-01,shipped,USD,320.25
576,12,2026-01-22,delivered,USD,133.56
577,1,2026-04-18,shipped,USD,416.81
578,20,2025-10-29,shipped,USD,422.04
579,6,2026-04-16,shipped,USD,508.92
580,67,2025-10-15,delivered,USD,460.84
581,1,2026-04-19,returned,USD,880.59
582,80,2025-08-11,placed,USD,829.92
583,12,2026-03-26,shipped,USD,563.13
584,101,2025-09-28,delivered,USD,590.58
585,74,2026-06-28,returned,USD,53.74
586,10,2025-08-27,shipped,USD,68.51
587,88,2026-04-26,shipped,USD,87.57
588,50,2026-01-01,shipped,USD,162.51
589,86,2025-10-06,placed,USD,453.8
590,3,2025-06-15,delivered,USD,229.53
591,35,2026-02-15,delivered,USD,255.67
592,10,2026-07-06,delivered,USD,502.95
593,81,2025-09-13,shipped,USD,20.88
594,69,2025-09-07,delivered,USD,272.34
595,51,2025-09-04,delivered,USD,100.86
596,32,2025-08-02,delivered,USD,787.03
597,36,2025-09-06,shipped,USD,601.68
598,11,2025-07-24,placed,USD,372.63
599,14,2026-02-03,returned,USD,502.59
600,48,2025-10-10,delivered,USD,27.09
601,99,2025-09-08,returned,USD,356.12
602,72,2026-02-09,placed,USD,241.86
603,47,2025-08-14,placed,USD,298.3
604,73,2025-12-10,delivered,USD,615.45
605,26,2025-12-30,returned,USD,403.18
606,33,2025-12-23,returned,USD,162.51
607,5,2026-05-05,returned,USD,490.0
608,14,2026-01-21,delivered,USD,877.32
609,108,2026-04-12,delivered,USD,47.45
610,27,2025-08-02,delivered,USD,633.08
611,36,2026-04-03,placed,USD,674.83
612,33,2025-07-03,placed,USD,780.47
613,46,2025-12-28,shipped,USD,71.92
614,73,2026-05-27,shipped,USD,150.65
615,97,2026-02-06,returned,USD,270.45
616,18,2025-08-21,shipped,USD,191.32
617,16,2025-06-10,shipped,USD,798.79
618,116,2025-07-09,placed,USD,158.18
619,112,2025-07-11,shipped,USD,448.22
620,26,2025-12-19,returned,USD,805.8
621,30,2025-10-24,returned,USD,111.59
622,40,2025-12-21,delivered,USD,521.26
623,22,2026-04-20,placed,USD,478.05
624,66,2026-03-28,delivered,USD,396.66
625,116,2026-04-21,returned,USD,213.31
626,109,2026-05-08,returned,USD,188.85
627,22,2025-08-29,shipped,USD,58.93
628,17,2025-11-03,shipped,USD,522.59
629,36,2025-11-03,shipped,USD,560.64
630,1,2025-07-26,placed,USD,351.87
631,52,2025-12-03,shipped,USD,848.19
632,57,2026-05-12,returned,USD,537.26
633,34,2026-05-12,shipped,USD,444.55
634,61,2026-01-03,returned,USD,195.54
635,18,2025-08-27,placed,USD,640.25
636,10,2025-12-12,delivered,USD,336.92
637,101,2025-09-27,placed,USD,606.95
638,52,2025-07-09,shipped,USD,183.46
639,71,2026-01-03,delivered,USD,470.22
640,34,2025-11-13,placed,USD,473.45
641,1,2025-09-11,delivered,USD,126.82
642,17,2025-10-18,placed,USD,641.77
643,112,2026-04-05,delivered,USD,416.44
644,1,2026-06-08,returned,USD,47.88
645,13,2025-10-26,delivered,USD,329.77
646,66,2026-05-30,shipped,USD,828.74
647,94,2025-06-06,returned,USD,390.74
648,44,2026-04-04,shipped,USD,608.29
649,32,2026-05-09,placed,USD,371.82
650,52,2026-04-05,delivered,USD,115.93
651,95,2025-06-16,placed,USD,202.43
652,75,2025-08-30,returned,USD,848.54
653,81,2025-08-31,shipped,USD,563.83
654,27,2026-03-08,shipped,USD,172.27
655,13,2025-11-12,shipped,USD,391.22
656,91,2026-03-05,delivered,USD,663.4
657,102,2026-05-03,shipped,USD,351.31
658,54,2026-01-12,shipped,USD,80.65
659,58,2026-06-24,returned,USD,307.32
660,53,2025-12-30,returned,USD,586.67
661,110,2026-04-04,returned,USD,574.56
662,62,2026-03-01,placed,USD,409.02
663,24,2026-02-18,placed,USD,675.22
664,106,2026-06-15,shipped,USD,400.64
665,35,2025-10-17,placed,USD,295.15
666,8,2025-06-11,shipped,USD,226.42
667,60,2025-11-30,placed,USD,74.22
668,71,2026-07-06,shipped,USD,546.92
669,63,2026-06-20,delivered,USD,795.21
670,68,2026-05-28,placed,USD,86.86
671,13,2026-04-20,delivered,USD,650.51
672,95,2025-10-17,placed,USD,544.69
673,1,2026-02-25,shipped,USD,585.78
674,116,2026-03-30,delivered,USD,405.86
675,116,2025-10-17,placed,USD,600.7
676,9,2025-07-27,shipped,USD,445.41
677,90,2026-06-17,shipped,USD,168.96
678,58,2025-07-31,placed,USD,870.96
679,87,2025-08-19,returned,USD,146.41
680,82,2026-04-16,delivered,USD,813.68
681,110,2026-05-14,placed,USD,278.03
682,66,2025-07-06,delivered,USD,564.88
683,19,2026-02-10,placed,USD,649.89
684,120,2025-10-01,placed,USD,418.96
685,20,2026-05-25,delivered,USD,427.7
686,21,2025-09-23,delivered,USD,305.29
687,36,2025-08-18,delivered,USD,283.13
688,81,2026-04-19,delivered,USD,104.4
689,65,2025-08-11,shipped,USD,204.08
690,101,2025-12-30,delivered,USD,147.64
691,88,2026-06-12,shipped,USD,552.51
692,85,2025-12-19,delivered,USD,634.89
693,25,2025-06-09,placed,USD,179.34
694,114,2025-06-25,returned,USD,109.99
695,23,2025-06-25,returned,USD,26.11
696,52,2026-03-10,placed,USD,667.51
697,62,2026-05-24,delivered,USD,357.46
698,29,2025-07-12,placed,USD,839.82
699,8,2025-09-03,shipped,USD,344.3
700,106,2025-07-02,returned,USD,596.62
701,119,2026-06-08,returned,USD,478.68
702,3,2025-08-27,placed,USD,457.71
703,34,2025-11-20,shipped,USD,889.94
704,84,2026-03-28,shipped,USD,417.38
705,109,2026-01-26,delivered,USD,696.66
706,113,2026-05-31,delivered,USD,578.55
707,92,2026-03-12,placed,USD,633.55
708,86,2025-11-23,returned,USD,419.32
709,55,2026-01-26,delivered,USD,744.83
710,85,2025-11-18,delivered,USD,689.32
711,89,2026-02-13,shipped,USD,466.75
712,42,2025-09-30,delivered,USD,831.25
713,48,2025-12-21,shipped,USD,245.78
714,53,2026-03-17,shipped,USD,294.57
715,113,2025-11-07,returned,USD,344.3
716,49,2025-07-08,delivered,USD,418.68
717,95,2026-04-18,shipped,USD,678.86
718,10,2026-03-20,returned,USD,562.47
719,89,2026-06-01,placed,USD,249.44
720,73,2026-06-10,shipped,USD,500.34
721,70,2025-10-31,delivered,USD,581.3
722,57,2026-05-19,returned,USD,686.36
723,43,2026-01-20,placed,USD,494.6
724,59,2026-05-13,returned,USD,790.59
725,40,2026-05-07,placed,USD,804.29
726,24,2026-05-21,placed,USD,241.71
727,94,2025-10-22,returned,USD,130.65
728,109,2025-10-01,returned,USD,286.05
729,20,2025-08-22,delivered,USD,89.97
730,2,2026-05-22,returned,USD,170.47
731,43,2026-07-02,shipped,USD,244.44
732,77,2025-10-13,returned,USD,108.39
733,83,2026-06-11,returned,USD,12.37
734,78,2025-06-20,returned,USD,217.51
735,108,2025-10-12,delivered,USD,777.94
736,64,2026-02-06,placed,USD,559.15
737,94,2026-02-24,shipped,USD,391.88
738,46,2026-04-15,returned,USD,69.71
739,77,2026-02-20,placed,USD,135.35
740,99,2026-06-26,delivered,USD,109.7
741,55,2026-05-10,delivered,USD,387.69
742,75,2025-11-27,shipped,USD,733.04
743,70,2025-07-02,placed,USD,142.6
744,86,2025-06-30,shipped,USD,517.59
745,17,2025-10-24,placed,USD,520.82
746,60,2026-02-28,delivered,USD,475.12
747,79,2025-09-23,delivered,USD,233.96
748,69,2026-06-15,shipped,USD,434.99
749,115,2025-12-19,delivered,USD,261.44
750,72,2025-10-05,placed,USD,472.77
751,101,2025-10-03,placed,USD,265.38
752,104,2025-11-10,placed,USD,648.63
753,28,2025-11-30,shipped,USD,21.24
754,58,2025-09-15,placed,USD,294.54
755,21,2025-08-23,shipped,USD,107.07
756,26,2025-10-21,placed,USD,174.81
757,13,2025-07-02,returned,USD,631.75
758,68,2026-02-02,returned,USD,223.13
759,88,2025-08-01,returned,USD,24.83
760,43,2025-08-08,shipped,USD,91.14
761,76,2026-06-22,shipped,USD,445.84
762,7,2026-05-06,placed,USD,889.89
763,18,2026-03-05,placed,USD,886.29
764,38,2026-01-18,shipped,USD,419.74
765,85,2025-08-29,shipped,USD,814.77
766,72,2025-09-23,delivered,USD,145.9
767,71,2026-04-27,returned,USD,289.81
768,59,2026-05-09,returned,USD,66.81
769,89,2026-04-16,returned,USD,70.57
770,97,2025-08-09,shipped,USD,237.31
771,22,2025-12-05,shipped,USD,555.5
772,33,2025-10-08,placed,USD,250.28
773,94,2025-07-05,shipped,USD,809.47
774,106,2026-05-23,delivered,USD,490.3
775,37,2026-05-07,placed,USD,294.24
776,88,2025-11-05,returned,USD,28.41
777,94,2025-09-14,placed,USD,553.07
778,81,2025-11-21,delivered,USD,374.45
779,91,2025-12-24,delivered,USD,856.45
780,73,2026-03-28,returned,USD,177.24
781,36,2026-01-21,shipped,USD,582.73
782,110,2026-03-06,delivered,USD,881.28
783,33,2025-07-02,delivered,USD,434.11
784,63,2025-10-31,shipped,USD,865.01
785,102,2025-10-15,returned,USD,178.4
786,10,2025-10-21,shipped,USD,258.85
787,47,2026-01-25,shipped,USD,603.36
788,55,2026-04-18,shipped,USD,340.64
789,63,2025-06-05,shipped,USD,440.9
790,96,2026-04-24,placed,USD,254.45
791,7,2025-11-04,delivered,USD,108.34
792,112,2026-05-23,delivered,USD,121.48
793,11,2026-06-14,delivered,USD,294.87
794,39,2025-10-04,returned,USD,756.39
795,81,2026-03-14,placed,USD,873.33
796,35,2026-05-30,returned,USD,687.28
797,28,2025-07-26,shipped,USD,752.77
798,26,2025-06-12,placed,USD,747.31
799,67,2025-07-26,delivered,USD,433.07
800,60,2026-06-20,placed,USD,453.41
801,4,2025-07-13,shipped,USD,860.41
802,108,2025-07-21,shipped,USD,721.75
803,60,2025-11-26,placed,USD,427.7
804,54,2026-03-10,delivered,USD,318.17
805,100,2026-07-01,placed,USD,707.27
806,13,2026-01-05,placed,USD,528.22
807,86,2026-05-10,placed,USD,577.08
808,52,2025-08-15,placed,USD,749.83
809,27,2025-08-26,shipped,USD,186.56
810,34,2025-11-17,placed,USD,304.59
811,12,2026-02-24,placed,USD,565.58
812,106,2025-11-22,shipped,USD,315.39
813,17,2025-09-18,shipped,USD,447.32
814,118,2026-03-22,shipped,USD,734.34
815,92,2025-12-02,delivered,USD,102.39
816,11,2025-07-03,delivered,USD,298.4
817,36,2025-07-25,shipped,USD,34.35
818,75,2025-08-01,shipped,USD,678.83
819,30,2026-03-20,shipped,USD,822.89
820,52,2025-07-02,delivered,USD,279.49
821,44,2025-11-16,delivered,USD,664.06
822,12,2026-03-05,placed,USD,578.46
823,79,2025-10-19,returned,USD,207.45
824,52,2025-10-23,placed,USD,35.63
825,55,2025-07-03,returned,USD,422.21
826,8,2026-01-21,returned,USD,155.84
827,5,2025-11-03,returned,USD,310.99
828,15,2025-09-24,placed,USD,882.5
829,53,2025-07-14,delivered,USD,70.02
830,13,2025-06-18,delivered,USD,366.65
831,98,2026-07-03,returned,USD,529.37
832,102,2026-01-18,returned,USD,231.87
833,116,2026-03-14,delivered,USD,858.32
834,53,2026-06-26,delivered,USD,220.63
835,11,2026-05-18,shipped,USD,505.61
836,25,2026-06-27,placed,USD,311.25
837,36,2025-10-28,delivered,USD,605.09
838,37,2025-07-31,delivered,USD,31.38
839,83,2026-02-15,shipped,USD,630.36
840,70,2025-09-27,placed,USD,626.99
841,27,2025-07-19,placed,USD,435.83
842,79,2026-03-30,delivered,USD,696.53
843,3,2025-11-03,shipped,USD,174.38
844,30,2025-11-28,returned,USD,871.32
845,99,2025-11-30,placed,USD,254.54
846,52,2026-03-11,returned,USD,213.17
847,95,2025-06-20,delivered,USD,447.37
848,20,2026-02-14,placed,USD,31.23
849,83,2026-04-11,returned,USD,807.22
850,112,2026-02-18,placed,USD,24.84
851,8,2026-02-05,returned,USD,796.31
852,26,2025-09-05,returned,USD,454.81
853,103,2025-12-10,placed,USD,617.1
854,77,2025-11-19,returned,USD,526.34
855,7,2026-01-14,delivered,USD,739.9
856,21,2026-04-29,delivered,USD,333.48
857,110,2025-06-23,returned,USD,389.24
858,114,2026-06-12,shipped,USD,400.21
859,83,2025-09-03,placed,USD,275.67
860,72,2026-01-14,delivered,USD,313.28
861,115,2025-08-15,placed,USD,806.38
862,28,2026-03-18,shipped,USD,586.52
863,75,2025-12-16,shipped,USD,602.66
864,35,2026-04-06,delivered,USD,269.7
865,40,2026-05-31,returned,USD,394.94
866,54,2026-01-08,delivered,USD,589.83
867,66,2025-06-12,delivered,USD,571.05
868,61,2025-06-02,delivered,USD,432.42
869,38,2026-01-29,delivered,USD,353.14
870,17,2025-06-18,placed,USD,866.72
871,23,2025-12-09,placed,USD,725.33
872,22,2025-09-12,placed,USD,765.38
873,97,2025-06-25,delivered,USD,623.71
874,37,2025-12-02,placed,USD,648.04
875,50,2026-02-18,delivered,USD,460.96
876,65,2025-12-03,delivered,USD,540.31
877,16,2025-08-29,shipped,USD,304.81
878,91,2026-03-11,returned,USD,538.67
879,90,2026-03-02,delivered,USD,793.61
880,1,2026-02-19,delivered,USD,143.1
881,101,2026-03-03,returned,USD,652.71
882,100,2025-09-03,returned,USD,106.48
883,98,2025-10-16,shipped,USD,852.11
884,62,2025-06-25,returned,USD,74.27
885,91,2025-08-28,shipped,USD,766.5
886,68,2025-11-20,placed,USD,890.73
887,85,2025-06-26,placed,USD,437.94
888,114,2025-10-19,placed,USD,676.31
889,35,2026-06-12,shipped,USD,662.5
890,24,2025-09-02,returned,USD,499.26
891,14,2025-11-15,returned,USD,363.23
892,73,2025-12-21,shipped,USD,533.25
893,100,2025-06-13,placed,USD,413.96
894,58,2025-12-04,placed,USD,889.48
895,13,2025-11-01,placed,USD,526.12
896,106,2025-08-19,delivered,USD,196.93
897,38,2025-12-18,shipped,USD,506.28
898,37,2026-03-09,returned,USD,82.35
899,94,2025-10-18,returned,USD,245.69
900,119,2025-09-10,placed,USD,562.48
